{
	"format_version": "1.21.6",
	"credit": "Made with Blockbench",
	"parent": "block/block",
	"textures": {
		"1": "toms_storage:item/adv_wireless_terminal"
	},
	"elements": [
		{
			"name": "Controller",
			"from": [4, 0, 1.5],
			"to": [12, 3, 14.5],
			"rotation": {"angle": 0, "axis": "y", "origin": [0, 1, 0.5]},
			"faces": {
				"north": {"uv": [13, 0, 16, 8], "rotation": 90, "texture": "#1"},
				"east": {"uv": [0, 8, 13, 11], "texture": "#1"},
				"south": {"uv": [13, 0, 16, 8], "rotation": 90, "texture": "#1"},
				"west": {"uv": [0, 8, 13, 11], "texture": "#1"},
				"up": {"uv": [0, 0, 13, 8], "rotation": 270, "texture": "#1"},
				"down": {"uv": [0, 0, 13, 8], "rotation": 90, "texture": "#1"}
			}
		},
		{
			"name": "button",
			"from": [9, 2, 8.5],
			"to": [11, 4, 10.5],
			"rotation": {"angle": 0, "axis": "y", "origin": [0, 1, 0.5]},
			"faces": {
				"north": {"uv": [2, 11, 4, 13], "texture": "#1"},
				"east": {"uv": [2, 11, 4, 13], "texture": "#1"},
				"south": {"uv": [2, 11, 4, 13], "texture": "#1"},
				"west": {"uv": [2, 11, 4, 13], "texture": "#1"},
				"up": {"uv": [2, 11, 4, 13], "texture": "#1"}
			}
		},
		{
			"name": "button",
			"from": [5, 2, 8.5],
			"to": [7, 4, 10.5],
			"rotation": {"angle": 0, "axis": "y", "origin": [0, 1, 0.5]},
			"faces": {
				"north": {"uv": [2, 11, 4, 13], "texture": "#1"},
				"east": {"uv": [2, 11, 4, 13], "texture": "#1"},
				"south": {"uv": [2, 11, 4, 13], "texture": "#1"},
				"west": {"uv": [2, 11, 4, 13], "texture": "#1"},
				"up": {"uv": [2, 11, 4, 13], "texture": "#1"}
			}
		},
		{
			"name": "button",
			"from": [7, 2, 10.5],
			"to": [9, 4, 12.5],
			"rotation": {"angle": 0, "axis": "y", "origin": [0, 1, 0.5]},
			"faces": {
				"north": {"uv": [2, 11, 4, 13], "texture": "#1"},
				"east": {"uv": [2, 11, 4, 13], "texture": "#1"},
				"south": {"uv": [2, 11, 4, 13], "texture": "#1"},
				"west": {"uv": [2, 11, 4, 13], "texture": "#1"},
				"up": {"uv": [2, 11, 4, 13], "texture": "#1"}
			}
		},
		{
			"name": "button",
			"from": [7, 2, 6.5],
			"to": [9, 4, 8.5],
			"rotation": {"angle": 0, "axis": "y", "origin": [0, 1, 0.5]},
			"faces": {
				"north": {"uv": [2, 11, 4, 13], "texture": "#1"},
				"east": {"uv": [2, 11, 4, 13], "texture": "#1"},
				"south": {"uv": [2, 11, 4, 13], "texture": "#1"},
				"west": {"uv": [2, 11, 4, 13], "texture": "#1"},
				"up": {"uv": [2, 11, 4, 13], "texture": "#1"}
			}
		},
		{
			"name": "monitor",
			"from": [5, 3, 2.5],
			"to": [11, 3.5, 5.5],
			"rotation": {"angle": 0, "axis": "y", "origin": [5, 3, 3]},
			"faces": {
				"north": {"uv": [15, 10, 16, 16], "rotation": 90, "texture": "#1"},
				"east": {"uv": [13, 15, 16, 16], "texture": "#1"},
				"south": {"uv": [13, 10, 14, 16], "rotation": 270, "texture": "#1"},
				"west": {"uv": [13, 10, 16, 11], "rotation": 180, "texture": "#1"},
				"up": {"uv": [13, 10, 16, 16], "rotation": 270, "texture": "#1"}
			}
		},
		{
			"name": "antenna",
			"from": [5, 1.5, -1.5],
			"to": [6, 2.5, 1.5],
			"rotation": {"angle": 0, "axis": "y", "origin": [4, 1, 0]},
			"faces": {
				"north": {"uv": [6, 13, 7, 14], "texture": "#1"},
				"east": {"uv": [6, 13, 7, 16], "rotation": 90, "texture": "#1"},
				"west": {"uv": [6, 13, 7, 16], "rotation": 270, "texture": "#1"},
				"up": {"uv": [6, 13, 7, 16], "texture": "#1"},
				"down": {"uv": [6, 13, 7, 16], "rotation": 180, "texture": "#1"}
			}
		},
		{
			"name": "power",
			"from": [6.25, 2.75, -0.25],
			"to": [4.75, 1.25, -1.75],
			"rotation": {"angle": 0, "axis": "y", "origin": [6.75, 3.25, 0.25]},
			"faces": {
				"north": {"uv": [7, 13, 8, 14], "texture": "#1"},
				"east": {"uv": [7, 13, 8, 14], "texture": "#1"},
				"south": {"uv": [7, 13, 8, 14], "texture": "#1"},
				"west": {"uv": [7, 13, 8, 14], "texture": "#1"},
				"up": {"uv": [7, 13, 8, 14], "texture": "#1"},
				"down": {"uv": [7, 13, 8, 14], "texture": "#1"}
			}
		}
	],
	"display": {
		"thirdperson_righthand": {
			"rotation": [90, 0, 0],
			"translation": [-3, 3.25, 4.5],
			"scale": [0.7, 0.7, 0.7]
		},
		"thirdperson_lefthand": {
			"rotation": [90, 0, 0],
			"translation": [-3, 3.5, 5],
			"scale": [0.7, 0.7, 0.7]
		},
		"firstperson_righthand": {
			"rotation": [70, 0, 0],
			"translation": [4, 2.5, 1],
			"scale": [0.68, 0.68, 0.68]
		},
		"firstperson_lefthand": {
			"rotation": [70, 0, 0],
			"translation": [4, 2.5, 1],
			"scale": [0.68, 0.68, 0.68]
		},
		"ground": {
			"translation": [0, 3, 0],
			"scale": [0.65, 0.65, 0.65]
		},
		"gui": {
			"rotation": [30, -44, 0],
			"translation": [0, 3.5, 0],
			"scale": [0.76, 0.76, 0.76]
		},
		"head": {
			"rotation": [0, -180, 0],
			"translation": [0, 14.5, 0]
		},
		"fixed": {
			"rotation": [90, 0, -180],
			"translation": [0, 0, -7]
		}
	}
}